{"bones":[{"name":"root"},{"name":"ball","parent":"root","length":22.11,"x":0.19,"y":14.22,"rotation":89.54}],"slots":[{"name":"Ball","bone":"ball","attachment":"Ball"}],"skins":{"default":{"Ball":{"Ball":{"rotation":-89.54,"width":69,"height":67}}}},"animations":{"pass":{"bones":{"ball":{"rotate":[{"time":0,"angle":0,"curve":[0.25,0,0.75,1]},{"time":0.2,"angle":-165.29,"curve":[0.25,0,0.75,1]},{"time":0.3666,"angle":39.61,"curve":[0.25,0,0.75,1]},{"time":0.5333,"angle":-139.52,"curve":[0.25,0,0.75,1]},{"time":0.6666,"angle":0}],"translate":[{"time":0,"x":0,"y":0,"curve":[0.25,0,0.75,1]},{"time":0.1,"x":0,"y":21.89,"curve":[0.25,0,0.75,1]},{"time":0.2333,"x":0,"y":6.31,"curve":[0.25,0,0.75,1]},{"time":0.3666,"x":0,"y":17.51,"curve":[0.25,0,0.75,1]},{"time":0.6666,"x":0,"y":0}],"scale":[{"time":0,"x":1,"y":1,"curve":"stepped"},{"time":0.6666,"x":1,"y":1}]}}},"shot":{"bones":{"ball":{"rotate":[{"time":0,"angle":0,"curve":[0.25,0,0.625,0.5]},{"time":0.8333,"angle":12.79,"curve":[0.375,0.5,0.75,1]},{"time":1.6666,"angle":0}],"translate":[{"time":0,"x":0,"y":0,"curve":"stepped"},{"time":1.6666,"x":0,"y":0}],"scale":[{"time":0,"x":1,"y":1,"curve":[0.25,0,0.75,1]},{"time":0.8333,"x":0.48,"y":1,"curve":[0.25,0,0.75,1]},{"time":1.6666,"x":1,"y":1}]}}},"still":{"bones":{"ball":{"rotate":[{"time":0,"angle":0,"curve":"stepped"},{"time":0.3333,"angle":0}],"translate":[{"time":0,"x":0,"y":0,"curve":"stepped"},{"time":0.3333,"x":0,"y":0}],"scale":[{"time":0,"x":1,"y":1,"curve":"stepped"},{"time":0.3333,"x":1,"y":1}]}}}}}